,title,price,link,parts
0,"> tv antenna for camper, limo, rv, car or truck<",0,https://charlottesville.craigslist.org/pts/d/charlottesville-tv-antenna-for-camper/7875878201.html,"['lens', 'tripod', 'flash', 'filter', 'adapter', 'mount', 'battery', 'charger', 'case', 'bag', 'remote', 'light', 'lighting', 'stand', 'gimbal', 'slider', 'monitor', 'microphone', 'cable', 'cord', 'memory', 'sd', 'cf', 'shutter', 'body', 'grip']"
1,> engine control modules w/ e-proms : for chevy/gm vehicles <,30,https://charlottesville.craigslist.org/pts/d/charlottesville-engine-control-modules/7875878343.html,"['lens', 'tripod', 'flash', 'filter', 'adapter', 'mount', 'battery', 'charger', 'case', 'bag', 'remote', 'light', 'lighting', 'stand', 'gimbal', 'slider', 'monitor', 'microphone', 'cable', 'cord', 'memory', 'sd', 'cf', 'shutter', 'body', 'grip']"
2,> auto glass : fits '78-'95 chevy/gmc vans <,0,https://charlottesville.craigslist.org/pts/d/charlottesville-auto-glass-fits-chevy/7875878285.html,"['lens', 'tripod', 'flash', 'filter', 'adapter', 'mount', 'battery', 'charger', 'case', 'bag', 'remote', 'light', 'lighting', 'stand', 'gimbal', 'slider', 'monitor', 'microphone', 'cable', 'cord', 'memory', 'sd', 'cf', 'shutter', 'body', 'grip']"
3,2 gray vinyl 3 passenger row seats 2017 ford 150 transit xlt,1000,https://charlottesville.craigslist.org/pts/d/charlottesville-gray-vinyl-passenger/7885392551.html,"['lens', 'tripod', 'flash', 'filter', 'adapter', 'mount', 'battery', 'charger', 'case', 'bag', 'remote', 'light', 'lighting', 'stand', 'gimbal', 'slider', 'monitor', 'microphone', 'cable', 'cord', 'memory', 'sd', 'cf', 'shutter', 'body', 'grip']"
4,chevy colorado tailgate,60,https://charlottesville.craigslist.org/pts/d/crozet-chevy-colorado-tailgate/7871469635.html,"['lens', 'tripod', 'flash', 'filter', 'adapter', 'mount', 'battery', 'charger', 'case', 'bag', 'remote', 'light', 'lighting', 'stand', 'gimbal', 'slider', 'monitor', 'microphone', 'cable', 'cord', 'memory', 'sd', 'cf', 'shutter', 'body', 'grip']"
5,chevrolet  - 3 rows of mats,50,https://charlottesville.craigslist.org/pts/d/crozet-chevrolet-rows-of-mats/7871704760.html,"['lens', 'tripod', 'flash', 'filter', 'adapter', 'mount', 'battery', 'charger', 'case', 'bag', 'remote', 'light', 'lighting', 'stand', 'gimbal', 'slider', 'monitor', 'microphone', 'cable', 'cord', 'memory', 'sd', 'cf', 'shutter', 'body', 'grip']"
6,1965 nova 327-4 speed engine 3790721,2500,https://charlottesville.craigslist.org/pts/d/charlottesville-1965-nova-speed-engine/7855774805.html,"['lens', 'tripod', 'flash', 'filter', 'adapter', 'mount', 'battery', 'charger', 'case', 'bag', 'remote', 'light', 'lighting', 'stand', 'gimbal', 'slider', 'monitor', 'microphone', 'cable', 'cord', 'memory', 'sd', 'cf', 'shutter', 'body', 'grip']"
7,mini cooper 2002 oem wheels 18s,700,https://charlottesville.craigslist.org/pts/d/afton-mini-cooper-2002-oem-wheels-18s/7885173741.html,"['lens', 'tripod', 'flash', 'filter', 'adapter', 'mount', 'battery', 'charger', 'case', 'bag', 'remote', 'light', 'lighting', 'stand', 'gimbal', 'slider', 'monitor', 'microphone', 'cable', 'cord', 'memory', 'sd', 'cf', 'shutter', 'body', 'grip']"
8,triumph tr4 custom hitch,250,https://charlottesville.craigslist.org/pts/d/woodberry-forest-triumph-tr4-custom/7865130490.html,"['lens', 'tripod', 'flash', 'filter', 'adapter', 'mount', 'battery', 'charger', 'case', 'bag', 'remote', 'light', 'lighting', 'stand', 'gimbal', 'slider', 'monitor', 'microphone', 'cable', 'cord', 'memory', 'sd', 'cf', 'shutter', 'body', 'grip']"
9,triumph tr4 \ tr4a front fenders,350,https://charlottesville.craigslist.org/pts/d/woodberry-forest-triumph-tr4-tr4a-front/7865129394.html,"['lens', 'tripod', 'flash', 'filter', 'adapter', 'mount', 'battery', 'charger', 'case', 'bag', 'remote', 'light', 'lighting', 'stand', 'gimbal', 'slider', 'monitor', 'microphone', 'cable', 'cord', 'memory', 'sd', 'cf', 'shutter', 'body', 'grip']"
10,ford f-100 wall mounted light and wine rack,900,https://charlottesville.craigslist.org/pts/d/woodberry-forest-ford-100-wall-mounted/7852913656.html,"['lens', 'tripod', 'flash', 'filter', 'adapter', 'mount', 'battery', 'charger', 'case', 'bag', 'remote', 'light', 'lighting', 'stand', 'gimbal', 'slider', 'monitor', 'microphone', 'cable', 'cord', 'memory', 'sd', 'cf', 'shutter', 'body', 'grip']"
11,triumph tr4a - rear left hand side wheel arch,200,https://charlottesville.craigslist.org/pts/d/woodberry-forest-triumph-tr4a-rear-left/7865130313.html,"['lens', 'tripod', 'flash', 'filter', 'adapter', 'mount', 'battery', 'charger', 'case', 'bag', 'remote', 'light', 'lighting', 'stand', 'gimbal', 'slider', 'monitor', 'microphone', 'cable', 'cord', 'memory', 'sd', 'cf', 'shutter', 'body', 'grip']"
12,triumph tr4 bumpers,1,https://charlottesville.craigslist.org/pts/d/woodberry-forest-triumph-tr4-bumpers/7865130241.html,"['lens', 'tripod', 'flash', 'filter', 'adapter', 'mount', 'battery', 'charger', 'case', 'bag', 'remote', 'light', 'lighting', 'stand', 'gimbal', 'slider', 'monitor', 'microphone', 'cable', 'cord', 'memory', 'sd', 'cf', 'shutter', 'body', 'grip']"
13,triumph tr4 front clip,1500,https://charlottesville.craigslist.org/pts/d/woodberry-forest-triumph-tr4-front-clip/7865130177.html,"['lens', 'tripod', 'flash', 'filter', 'adapter', 'mount', 'battery', 'charger', 'case', 'bag', 'remote', 'light', 'lighting', 'stand', 'gimbal', 'slider', 'monitor', 'microphone', 'cable', 'cord', 'memory', 'sd', 'cf', 'shutter', 'body', 'grip']"
14,toyota fj40 landcruiser parts - doors and radiator,1,https://charlottesville.craigslist.org/pts/d/woodberry-forest-toyota-fj40/7868320512.html,"['lens', 'tripod', 'flash', 'filter', 'adapter', 'mount', 'battery', 'charger', 'case', 'bag', 'remote', 'light', 'lighting', 'stand', 'gimbal', 'slider', 'monitor', 'microphone', 'cable', 'cord', 'memory', 'sd', 'cf', 'shutter', 'body', 'grip']"
15,porsche 914 rear engine lid,175,https://charlottesville.craigslist.org/pts/d/woodberry-forest-porsche-914-rear/7868320705.html,"['lens', 'tripod', 'flash', 'filter', 'adapter', 'mount', 'battery', 'charger', 'case', 'bag', 'remote', 'light', 'lighting', 'stand', 'gimbal', 'slider', 'monitor', 'microphone', 'cable', 'cord', 'memory', 'sd', 'cf', 'shutter', 'body', 'grip']"
16,1964 ford galaxie front bench seat and rear seat,450,https://charlottesville.craigslist.org/pts/d/woodberry-forest-1964-ford-galaxie/7865129471.html,"['lens', 'tripod', 'flash', 'filter', 'adapter', 'mount', 'battery', 'charger', 'case', 'bag', 'remote', 'light', 'lighting', 'stand', 'gimbal', 'slider', 'monitor', 'microphone', 'cable', 'cord', 'memory', 'sd', 'cf', 'shutter', 'body', 'grip']"
17,1964 ford galaxie driver side front fender,150,https://charlottesville.craigslist.org/pts/d/woodberry-forest-1964-ford-galaxie/7868320779.html,"['lens', 'tripod', 'flash', 'filter', 'adapter', 'mount', 'battery', 'charger', 'case', 'bag', 'remote', 'light', 'lighting', 'stand', 'gimbal', 'slider', 'monitor', 'microphone', 'cable', 'cord', 'memory', 'sd', 'cf', 'shutter', 'body', 'grip']"
18,mg midget austin healey sprite front nose valence,250,https://charlottesville.craigslist.org/pts/d/woodberry-forest-mg-midget-austin/7868320931.html,"['lens', 'tripod', 'flash', 'filter', 'adapter', 'mount', 'battery', 'charger', 'case', 'bag', 'remote', 'light', 'lighting', 'stand', 'gimbal', 'slider', 'monitor', 'microphone', 'cable', 'cord', 'memory', 'sd', 'cf', 'shutter', 'body', 'grip']"
19,1964 ford galaxie front and rear bumpers,300,https://charlottesville.craigslist.org/pts/d/woodberry-forest-1964-ford-galaxie/7872262871.html,"['lens', 'tripod', 'flash', 'filter', 'adapter', 'mount', 'battery', 'charger', 'case', 'bag', 'remote', 'light', 'lighting', 'stand', 'gimbal', 'slider', 'monitor', 'microphone', 'cable', 'cord', 'memory', 'sd', 'cf', 'shutter', 'body', 'grip']"
20,1957 chevrolet bel air 2-door hardtop - driver side door,400,https://charlottesville.craigslist.org/pts/d/woodberry-forest-1957-chevrolet-bel-air/7868320337.html,"['lens', 'tripod', 'flash', 'filter', 'adapter', 'mount', 'battery', 'charger', 'case', 'bag', 'remote', 'light', 'lighting', 'stand', 'gimbal', 'slider', 'monitor', 'microphone', 'cable', 'cord', 'memory', 'sd', 'cf', 'shutter', 'body', 'grip']"
21,ford flat head \ flathead 6 cylinder,500,https://charlottesville.craigslist.org/pts/d/woodberry-forest-ford-flat-head/7865129582.html,"['lens', 'tripod', 'flash', 'filter', 'adapter', 'mount', 'battery', 'charger', 'case', 'bag', 'remote', 'light', 'lighting', 'stand', 'gimbal', 'slider', 'monitor', 'microphone', 'cable', 'cord', 'memory', 'sd', 'cf', 'shutter', 'body', 'grip']"
22,"triumph tr4 driver left side door with glass, exterior handle & hinges",175,https://charlottesville.craigslist.org/pts/d/woodberry-forest-triumph-tr4-driver/7868320203.html,"['lens', 'tripod', 'flash', 'filter', 'adapter', 'mount', 'battery', 'charger', 'case', 'bag', 'remote', 'light', 'lighting', 'stand', 'gimbal', 'slider', 'monitor', 'microphone', 'cable', 'cord', 'memory', 'sd', 'cf', 'shutter', 'body', 'grip']"
23,volkswagen vw vanagon van seat,150,https://charlottesville.craigslist.org/pts/d/woodberry-forest-volkswagen-vw-vanagon/7874372605.html,"['lens', 'tripod', 'flash', 'filter', 'adapter', 'mount', 'battery', 'charger', 'case', 'bag', 'remote', 'light', 'lighting', 'stand', 'gimbal', 'slider', 'monitor', 'microphone', 'cable', 'cord', 'memory', 'sd', 'cf', 'shutter', 'body', 'grip']"
24,ford fe c4se 9425a cast iron 4 barrel intake,150,https://charlottesville.craigslist.org/pts/d/woodberry-forest-ford-fe-c4se-9425a/7861866482.html,"['lens', 'tripod', 'flash', 'filter', 'adapter', 'mount', 'battery', 'charger', 'case', 'bag', 'remote', 'light', 'lighting', 'stand', 'gimbal', 'slider', 'monitor', 'microphone', 'cable', 'cord', 'memory', 'sd', 'cf', 'shutter', 'body', 'grip']"
25,mg midget / austin healey sprite 1961-1969 rear bumper with overriders,175,https://charlottesville.craigslist.org/pts/d/woodberry-forest-mg-midget-austin/7866497108.html,"['lens', 'tripod', 'flash', 'filter', 'adapter', 'mount', 'battery', 'charger', 'case', 'bag', 'remote', 'light', 'lighting', 'stand', 'gimbal', 'slider', 'monitor', 'microphone', 'cable', 'cord', 'memory', 'sd', 'cf', 'shutter', 'body', 'grip']"
26,1964 ford galaxie driver side front door,300,https://charlottesville.craigslist.org/pts/d/woodberry-forest-1964-ford-galaxie/7872262824.html,"['lens', 'tripod', 'flash', 'filter', 'adapter', 'mount', 'battery', 'charger', 'case', 'bag', 'remote', 'light', 'lighting', 'stand', 'gimbal', 'slider', 'monitor', 'microphone', 'cable', 'cord', 'memory', 'sd', 'cf', 'shutter', 'body', 'grip']"
27,austin engines 948 and 1098 and transmission,1,https://charlottesville.craigslist.org/pts/d/woodberry-forest-austin-engines-948-and/7865129968.html,"['lens', 'tripod', 'flash', 'filter', 'adapter', 'mount', 'battery', 'charger', 'case', 'bag', 'remote', 'light', 'lighting', 'stand', 'gimbal', 'slider', 'monitor', 'microphone', 'cable', 'cord', 'memory', 'sd', 'cf', 'shutter', 'body', 'grip']"
28,1955 - 1957 chevrolet bel air brake parts,450,https://charlottesville.craigslist.org/pts/d/woodberry-forest-chevrolet-bel-air/7876495161.html,"['lens', 'tripod', 'flash', 'filter', 'adapter', 'mount', 'battery', 'charger', 'case', 'bag', 'remote', 'light', 'lighting', 'stand', 'gimbal', 'slider', 'monitor', 'microphone', 'cable', 'cord', 'memory', 'sd', 'cf', 'shutter', 'body', 'grip']"
29,1957 chevrolet bel air rear bumper center section,275,https://charlottesville.craigslist.org/pts/d/woodberry-forest-1957-chevrolet-bel-air/7882021866.html,"['lens', 'tripod', 'flash', 'filter', 'adapter', 'mount', 'battery', 'charger', 'case', 'bag', 'remote', 'light', 'lighting', 'stand', 'gimbal', 'slider', 'monitor', 'microphone', 'cable', 'cord', 'memory', 'sd', 'cf', 'shutter', 'body', 'grip']"
30,1957 chevrolet bel air one piece front bumper california,800,https://charlottesville.craigslist.org/pts/d/woodberry-forest-1957-chevrolet-bel-air/7882021938.html,"['lens', 'tripod', 'flash', 'filter', 'adapter', 'mount', 'battery', 'charger', 'case', 'bag', 'remote', 'light', 'lighting', 'stand', 'gimbal', 'slider', 'monitor', 'microphone', 'cable', 'cord', 'memory', 'sd', 'cf', 'shutter', 'body', 'grip']"
31,want to find restoration shop to restore 1st gen camaro,0,https://charlottesville.craigslist.org/pts/d/montpelier-station-want-to-find/7852973371.html,"['lens', 'tripod', 'flash', 'filter', 'adapter', 'mount', 'battery', 'charger', 'case', 'bag', 'remote', 'light', 'lighting', 'stand', 'gimbal', 'slider', 'monitor', 'microphone', 'cable', 'cord', 'memory', 'sd', 'cf', 'shutter', 'body', 'grip']"
32,"gator hard folding bed cover for 2019-2024 dodge ram with 5'-7"" bed",190,https://charlottesville.craigslist.org/pts/d/nellysford-gator-hard-folding-bed-cover/7870558916.html,"['lens', 'tripod', 'flash', 'filter', 'adapter', 'mount', 'battery', 'charger', 'case', 'bag', 'remote', 'light', 'lighting', 'stand', 'gimbal', 'slider', 'monitor', 'microphone', 'cable', 'cord', 'memory', 'sd', 'cf', 'shutter', 'body', 'grip']"
33,vintage transmission manuals,30,https://charlottesville.craigslist.org/pts/d/nellysford-vintage-transmission-manuals/7883220641.html,"['lens', 'tripod', 'flash', 'filter', 'adapter', 'mount', 'battery', 'charger', 'case', 'bag', 'remote', 'light', 'lighting', 'stand', 'gimbal', 'slider', 'monitor', 'microphone', 'cable', 'cord', 'memory', 'sd', 'cf', 'shutter', 'body', 'grip']"
34,500 lb capacity rear bumper cargo carrier,45,https://charlottesville.craigslist.org/pts/d/esmont-500-lb-capacity-rear-bumper/7859452424.html,"['lens', 'tripod', 'flash', 'filter', 'adapter', 'mount', 'battery', 'charger', 'case', 'bag', 'remote', 'light', 'lighting', 'stand', 'gimbal', 'slider', 'monitor', 'microphone', 'cable', 'cord', 'memory', 'sd', 'cf', 'shutter', 'body', 'grip']"
35,"truxedo soft roll-up tonneau cover - nissan frontier '22+ (59.5"")",125,https://charlottesville.craigslist.org/pts/d/charlottesville-truxedo-soft-roll-up/7885020017.html,"['lens', 'tripod', 'flash', 'filter', 'adapter', 'mount', 'battery', 'charger', 'case', 'bag', 'remote', 'light', 'lighting', 'stand', 'gimbal', 'slider', 'monitor', 'microphone', 'cable', 'cord', 'memory', 'sd', 'cf', 'shutter', 'body', 'grip']"
36,tow bar,125,https://charlottesville.craigslist.org/pts/d/palmyra-tow-bar/7884998522.html,"['lens', 'tripod', 'flash', 'filter', 'adapter', 'mount', 'battery', 'charger', 'case', 'bag', 'remote', 'light', 'lighting', 'stand', 'gimbal', 'slider', 'monitor', 'microphone', 'cable', 'cord', 'memory', 'sd', 'cf', 'shutter', 'body', 'grip']"
37,voltzwagon engine heads,35,https://charlottesville.craigslist.org/pts/d/somerset-voltzwagon-engine-heads/7873062742.html,"['lens', 'tripod', 'flash', 'filter', 'adapter', 'mount', 'battery', 'charger', 'case', 'bag', 'remote', 'light', 'lighting', 'stand', 'gimbal', 'slider', 'monitor', 'microphone', 'cable', 'cord', 'memory', 'sd', 'cf', 'shutter', 'body', 'grip']"
38,2008 jeep right side headlight cluster,35,https://charlottesville.craigslist.org/pts/d/somerset-2008-jeep-right-side-headlight/7873060102.html,"['lens', 'tripod', 'flash', 'filter', 'adapter', 'mount', 'battery', 'charger', 'case', 'bag', 'remote', 'light', 'lighting', 'stand', 'gimbal', 'slider', 'monitor', 'microphone', 'cable', 'cord', 'memory', 'sd', 'cf', 'shutter', 'body', 'grip']"
39,pair ranger or mazda b4000 4x4 bearings,50,https://charlottesville.craigslist.org/pts/d/barboursville-pair-ranger-or-mazda/7850429567.html,"['lens', 'tripod', 'flash', 'filter', 'adapter', 'mount', 'battery', 'charger', 'case', 'bag', 'remote', 'light', 'lighting', 'stand', 'gimbal', 'slider', 'monitor', 'microphone', 'cable', 'cord', 'memory', 'sd', 'cf', 'shutter', 'body', 'grip']"
40,original tall model t cowl/tail lights,125,https://charlottesville.craigslist.org/pts/d/culpeper-original-tall-model-cowl-tail/7865982388.html,"['lens', 'tripod', 'flash', 'filter', 'adapter', 'mount', 'battery', 'charger', 'case', 'bag', 'remote', 'light', 'lighting', 'stand', 'gimbal', 'slider', 'monitor', 'microphone', 'cable', 'cord', 'memory', 'sd', 'cf', 'shutter', 'body', 'grip']"
41,assorted auto electrical tools,1234,https://charlottesville.craigslist.org/pts/d/culpeper-assorted-auto-electrical-tools/7873872000.html,"['lens', 'tripod', 'flash', 'filter', 'adapter', 'mount', 'battery', 'charger', 'case', 'bag', 'remote', 'light', 'lighting', 'stand', 'gimbal', 'slider', 'monitor', 'microphone', 'cable', 'cord', 'memory', 'sd', 'cf', 'shutter', 'body', 'grip']"
42,volvo and mercedes instrument clusters,20,https://charlottesville.craigslist.org/pts/d/montpelier-station-volvo-and-mercedes/7874096393.html,"['lens', 'tripod', 'flash', 'filter', 'adapter', 'mount', 'battery', 'charger', 'case', 'bag', 'remote', 'light', 'lighting', 'stand', 'gimbal', 'slider', 'monitor', 'microphone', 'cable', 'cord', 'memory', 'sd', 'cf', 'shutter', 'body', 'grip']"
43,honda cr-v parts bundle,100,https://charlottesville.craigslist.org/pts/d/charlottesville-honda-cr-parts-bundle/7875960943.html,"['lens', 'tripod', 'flash', 'filter', 'adapter', 'mount', 'battery', 'charger', 'case', 'bag', 'remote', 'light', 'lighting', 'stand', 'gimbal', 'slider', 'monitor', 'microphone', 'cable', 'cord', 'memory', 'sd', 'cf', 'shutter', 'body', 'grip']"
44,westin running boards,50,https://charlottesville.craigslist.org/pts/d/pratts-westin-running-boards/7884885526.html,"['lens', 'tripod', 'flash', 'filter', 'adapter', 'mount', 'battery', 'charger', 'case', 'bag', 'remote', 'light', 'lighting', 'stand', 'gimbal', 'slider', 'monitor', 'microphone', 'cable', 'cord', 'memory', 'sd', 'cf', 'shutter', 'body', 'grip']"
45,ford f-150 1988 parts 4wd,1,https://charlottesville.craigslist.org/pts/d/stanardsville-ford-parts-4wd/7867918481.html,"['lens', 'tripod', 'flash', 'filter', 'adapter', 'mount', 'battery', 'charger', 'case', 'bag', 'remote', 'light', 'lighting', 'stand', 'gimbal', 'slider', 'monitor', 'microphone', 'cable', 'cord', 'memory', 'sd', 'cf', 'shutter', 'body', 'grip']"
46,montana xl van for fix/parts,850,https://charlottesville.craigslist.org/pts/d/concord-montana-xl-van-for-fix-parts/7881229188.html,"['lens', 'tripod', 'flash', 'filter', 'adapter', 'mount', 'battery', 'charger', 'case', 'bag', 'remote', 'light', 'lighting', 'stand', 'gimbal', 'slider', 'monitor', 'microphone', 'cable', 'cord', 'memory', 'sd', 'cf', 'shutter', 'body', 'grip']"
47,metal scrap removal,0,https://charlottesville.craigslist.org/pts/d/dyke-metal-scrap-removal/7880180718.html,"['lens', 'tripod', 'flash', 'filter', 'adapter', 'mount', 'battery', 'charger', 'case', 'bag', 'remote', 'light', 'lighting', 'stand', 'gimbal', 'slider', 'monitor', 'microphone', 'cable', 'cord', 'memory', 'sd', 'cf', 'shutter', 'body', 'grip']"
48,heavy duty tow hitch,65,https://charlottesville.craigslist.org/pts/d/somerset-heavy-duty-tow-hitch/7878674483.html,"['lens', 'tripod', 'flash', 'filter', 'adapter', 'mount', 'battery', 'charger', 'case', 'bag', 'remote', 'light', 'lighting', 'stand', 'gimbal', 'slider', 'monitor', 'microphone', 'cable', 'cord', 'memory', 'sd', 'cf', 'shutter', 'body', 'grip']"
49,mud flaps for an rv,25,https://charlottesville.craigslist.org/pts/d/somerset-mud-flaps-for-an-rv/7871148291.html,"['lens', 'tripod', 'flash', 'filter', 'adapter', 'mount', 'battery', 'charger', 'case', 'bag', 'remote', 'light', 'lighting', 'stand', 'gimbal', 'slider', 'monitor', 'microphone', 'cable', 'cord', 'memory', 'sd', 'cf', 'shutter', 'body', 'grip']"
50,rv rear end air bags,90,https://charlottesville.craigslist.org/pts/d/somerset-rv-rear-end-air-bags/7871148418.html,"['lens', 'tripod', 'flash', 'filter', 'adapter', 'mount', 'battery', 'charger', 'case', 'bag', 'remote', 'light', 'lighting', 'stand', 'gimbal', 'slider', 'monitor', 'microphone', 'cable', 'cord', 'memory', 'sd', 'cf', 'shutter', 'body', 'grip']"
51,new mass air flow sensor,20,https://charlottesville.craigslist.org/pts/d/charlottesville-new-mass-air-flow-sensor/7881880021.html,"['lens', 'tripod', 'flash', 'filter', 'adapter', 'mount', 'battery', 'charger', 'case', 'bag', 'remote', 'light', 'lighting', 'stand', 'gimbal', 'slider', 'monitor', 'microphone', 'cable', 'cord', 'memory', 'sd', 'cf', 'shutter', 'body', 'grip']"
52,intake manifold for small block chevy,75,https://charlottesville.craigslist.org/pts/d/somerset-intake-manifold-for-small/7875654355.html,"['lens', 'tripod', 'flash', 'filter', 'adapter', 'mount', 'battery', 'charger', 'case', 'bag', 'remote', 'light', 'lighting', 'stand', 'gimbal', 'slider', 'monitor', 'microphone', 'cable', 'cord', 'memory', 'sd', 'cf', 'shutter', 'body', 'grip']"
53,"""geo"" motor for parts",150,https://charlottesville.craigslist.org/pts/d/montpelier-station-geo-motor-for-parts/7884750677.html,"['lens', 'tripod', 'flash', 'filter', 'adapter', 'mount', 'battery', 'charger', 'case', 'bag', 'remote', 'light', 'lighting', 'stand', 'gimbal', 'slider', 'monitor', 'microphone', 'cable', 'cord', 'memory', 'sd', 'cf', 'shutter', 'body', 'grip']"
54,02-08 dodge ram short bed,1300,https://charlottesville.craigslist.org/pts/d/concord-dodge-ram-short-bed/7868834759.html,"['lens', 'tripod', 'flash', 'filter', 'adapter', 'mount', 'battery', 'charger', 'case', 'bag', 'remote', 'light', 'lighting', 'stand', 'gimbal', 'slider', 'monitor', 'microphone', 'cable', 'cord', 'memory', 'sd', 'cf', 'shutter', 'body', 'grip']"
55,'02-'09 gmc envoy passenger side fender,100,https://charlottesville.craigslist.org/pts/d/keswick-gmc-envoy-passenger-side-fender/7858695938.html,"['lens', 'tripod', 'flash', 'filter', 'adapter', 'mount', 'battery', 'charger', 'case', 'bag', 'remote', 'light', 'lighting', 'stand', 'gimbal', 'slider', 'monitor', 'microphone', 'cable', 'cord', 'memory', 'sd', 'cf', 'shutter', 'body', 'grip']"
56,ford rv disc break rear end,295,https://charlottesville.craigslist.org/pts/d/somerset-ford-rv-disc-break-rear-end/7872041195.html,"['lens', 'tripod', 'flash', 'filter', 'adapter', 'mount', 'battery', 'charger', 'case', 'bag', 'remote', 'light', 'lighting', 'stand', 'gimbal', 'slider', 'monitor', 'microphone', 'cable', 'cord', 'memory', 'sd', 'cf', 'shutter', 'body', 'grip']"
57,"""ford"" 7.5 ltr. 460 c.i. engine",900,https://charlottesville.craigslist.org/pts/d/somerset-ford-75-ltr-460-ci-engine/7873061034.html,"['lens', 'tripod', 'flash', 'filter', 'adapter', 'mount', 'battery', 'charger', 'case', 'bag', 'remote', 'light', 'lighting', 'stand', 'gimbal', 'slider', 'monitor', 'microphone', 'cable', 'cord', 'memory', 'sd', 'cf', 'shutter', 'body', 'grip']"
58,"""kohler"" rv gas generator",65,https://charlottesville.craigslist.org/pts/d/somerset-kohler-rv-gas-generator/7873059495.html,"['lens', 'tripod', 'flash', 'filter', 'adapter', 'mount', 'battery', 'charger', 'case', 'bag', 'remote', 'light', 'lighting', 'stand', 'gimbal', 'slider', 'monitor', 'microphone', 'cable', 'cord', 'memory', 'sd', 'cf', 'shutter', 'body', 'grip']"
59,rv propane tank,125,https://charlottesville.craigslist.org/pts/d/somerset-rv-propane-tank/7872552250.html,"['lens', 'tripod', 'flash', 'filter', 'adapter', 'mount', 'battery', 'charger', 'case', 'bag', 'remote', 'light', 'lighting', 'stand', 'gimbal', 'slider', 'monitor', 'microphone', 'cable', 'cord', 'memory', 'sd', 'cf', 'shutter', 'body', 'grip']"
60,rv over the cab bed ladder,20,https://charlottesville.craigslist.org/pts/d/somerset-rv-over-the-cab-bed-ladder/7873463166.html,"['lens', 'tripod', 'flash', 'filter', 'adapter', 'mount', 'battery', 'charger', 'case', 'bag', 'remote', 'light', 'lighting', 'stand', 'gimbal', 'slider', 'monitor', 'microphone', 'cable', 'cord', 'memory', 'sd', 'cf', 'shutter', 'body', 'grip']"
61,20 ft. jumper cables nib 4 gauge heavy duty / make offer,45,https://charlottesville.craigslist.org/pts/d/dillwyn-20-ft-jumper-cables-nib-gauge/7883016367.html,"['lens', 'tripod', 'flash', 'filter', 'adapter', 'mount', 'battery', 'charger', 'case', 'bag', 'remote', 'light', 'lighting', 'stand', 'gimbal', 'slider', 'monitor', 'microphone', 'cable', 'cord', 'memory', 'sd', 'cf', 'shutter', 'body', 'grip']"
62,12 inch sun explode subwoofers 1800 w,200,https://charlottesville.craigslist.org/pts/d/scottsville-12-inch-sun-explode/7882042376.html,"['lens', 'tripod', 'flash', 'filter', 'adapter', 'mount', 'battery', 'charger', 'case', 'bag', 'remote', 'light', 'lighting', 'stand', 'gimbal', 'slider', 'monitor', 'microphone', 'cable', 'cord', 'memory', 'sd', 'cf', 'shutter', 'body', 'grip']"
63,superglide 2900 5th wheel hitch,1100,https://charlottesville.craigslist.org/pts/d/culpeper-superglide-th-wheel-hitch/7884525215.html,"['lens', 'tripod', 'flash', 'filter', 'adapter', 'mount', 'battery', 'charger', 'case', 'bag', 'remote', 'light', 'lighting', 'stand', 'gimbal', 'slider', 'monitor', 'microphone', 'cable', 'cord', 'memory', 'sd', 'cf', 'shutter', 'body', 'grip']"
64,1980-87 chevrolet exhaust parts,125,https://charlottesville.craigslist.org/pts/d/crozet-chevrolet-exhaust-parts/7884481257.html,"['lens', 'tripod', 'flash', 'filter', 'adapter', 'mount', 'battery', 'charger', 'case', 'bag', 'remote', 'light', 'lighting', 'stand', 'gimbal', 'slider', 'monitor', 'microphone', 'cable', 'cord', 'memory', 'sd', 'cf', 'shutter', 'body', 'grip']"
65,1993 7.3l diesel engine,1600,https://charlottesville.craigslist.org/pts/d/stanardsville-diesel-engine/7861394687.html,"['lens', 'tripod', 'flash', 'filter', 'adapter', 'mount', 'battery', 'charger', 'case', 'bag', 'remote', 'light', 'lighting', 'stand', 'gimbal', 'slider', 'monitor', 'microphone', 'cable', 'cord', 'memory', 'sd', 'cf', 'shutter', 'body', 'grip']"
66,"""hemi"" v8 engine",800,https://charlottesville.craigslist.org/pts/d/somerset-hemi-v8-engine/7873059329.html,"['lens', 'tripod', 'flash', 'filter', 'adapter', 'mount', 'battery', 'charger', 'case', 'bag', 'remote', 'light', 'lighting', 'stand', 'gimbal', 'slider', 'monitor', 'microphone', 'cable', 'cord', 'memory', 'sd', 'cf', 'shutter', 'body', 'grip']"
67,rv dually chrome wheel cover,35,https://charlottesville.craigslist.org/pts/d/somerset-rv-dually-chrome-wheel-cover/7873061316.html,"['lens', 'tripod', 'flash', 'filter', 'adapter', 'mount', 'battery', 'charger', 'case', 'bag', 'remote', 'light', 'lighting', 'stand', 'gimbal', 'slider', 'monitor', 'microphone', 'cable', 'cord', 'memory', 'sd', 'cf', 'shutter', 'body', 'grip']"
68,"automotive bulbs ""new old stock"" from (80'-90's-2000's) each",0,https://charlottesville.craigslist.org/pts/d/palmyra-automotive-bulbs-new-old-stock/7883935231.html,"['lens', 'tripod', 'flash', 'filter', 'adapter', 'mount', 'battery', 'charger', 'case', 'bag', 'remote', 'light', 'lighting', 'stand', 'gimbal', 'slider', 'monitor', 'microphone', 'cable', 'cord', 'memory', 'sd', 'cf', 'shutter', 'body', 'grip']"
69,kurt tow hitch toyota highlander 08-13,100,https://charlottesville.craigslist.org/pts/d/charlottesville-kurt-tow-hitch-toyota/7872866549.html,"['lens', 'tripod', 'flash', 'filter', 'adapter', 'mount', 'battery', 'charger', 'case', 'bag', 'remote', 'light', 'lighting', 'stand', 'gimbal', 'slider', 'monitor', 'microphone', 'cable', 'cord', 'memory', 'sd', 'cf', 'shutter', 'body', 'grip']"
70,all four 2013 toyota highlander struts,1,https://charlottesville.craigslist.org/pts/d/charlottesville-all-four-2013-toyota/7872867197.html,"['lens', 'tripod', 'flash', 'filter', 'adapter', 'mount', 'battery', 'charger', 'case', 'bag', 'remote', 'light', 'lighting', 'stand', 'gimbal', 'slider', 'monitor', 'microphone', 'cable', 'cord', 'memory', 'sd', 'cf', 'shutter', 'body', 'grip']"
71,dog barrier for honda cr-v (2006 to 2011),80,https://charlottesville.craigslist.org/pts/d/gordonsville-dog-barrier-for-honda-cr/7874115081.html,"['lens', 'tripod', 'flash', 'filter', 'adapter', 'mount', 'battery', 'charger', 'case', 'bag', 'remote', 'light', 'lighting', 'stand', 'gimbal', 'slider', 'monitor', 'microphone', 'cable', 'cord', 'memory', 'sd', 'cf', 'shutter', 'body', 'grip']"
72,kilmat sound deadening mat,60,https://charlottesville.craigslist.org/pts/d/charlottesville-kilmat-sound-deadening/7883364560.html,"['lens', 'tripod', 'flash', 'filter', 'adapter', 'mount', 'battery', 'charger', 'case', 'bag', 'remote', 'light', 'lighting', 'stand', 'gimbal', 'slider', 'monitor', 'microphone', 'cable', 'cord', 'memory', 'sd', 'cf', 'shutter', 'body', 'grip']"
73,"15"" wheels w winter tires",200,https://charlottesville.craigslist.org/pts/d/keswick-15-wheels-winter-tires/7872208149.html,"['lens', 'tripod', 'flash', 'filter', 'adapter', 'mount', 'battery', 'charger', 'case', 'bag', 'remote', 'light', 'lighting', 'stand', 'gimbal', 'slider', 'monitor', 'microphone', 'cable', 'cord', 'memory', 'sd', 'cf', 'shutter', 'body', 'grip']"
74,"14"" wheels with winter tires",200,https://charlottesville.craigslist.org/pts/d/keswick-14-wheels-with-winter-tires/7872210406.html,"['lens', 'tripod', 'flash', 'filter', 'adapter', 'mount', 'battery', 'charger', 'case', 'bag', 'remote', 'light', 'lighting', 'stand', 'gimbal', 'slider', 'monitor', 'microphone', 'cable', 'cord', 'memory', 'sd', 'cf', 'shutter', 'body', 'grip']"
75,camper two slides 600 bucks,600,https://charlottesville.craigslist.org/pts/d/scottsville-camper-two-slides-600-bucks/7883299726.html,"['lens', 'tripod', 'flash', 'filter', 'adapter', 'mount', 'battery', 'charger', 'case', 'bag', 'remote', 'light', 'lighting', 'stand', 'gimbal', 'slider', 'monitor', 'microphone', 'cable', 'cord', 'memory', 'sd', 'cf', 'shutter', 'body', 'grip']"
76,gray & beige two tone perforated leather steering wheel cover for car,15,https://charlottesville.craigslist.org/pts/d/charlottesville-gray-beige-two-tone/7879784477.html,"['lens', 'tripod', 'flash', 'filter', 'adapter', 'mount', 'battery', 'charger', 'case', 'bag', 'remote', 'light', 'lighting', 'stand', 'gimbal', 'slider', 'monitor', 'microphone', 'cable', 'cord', 'memory', 'sd', 'cf', 'shutter', 'body', 'grip']"
77,type q12 9006 led headlights,20,https://charlottesville.craigslist.org/pts/d/palmyra-type-led-headlights/7861417635.html,"['lens', 'tripod', 'flash', 'filter', 'adapter', 'mount', 'battery', 'charger', 'case', 'bag', 'remote', 'light', 'lighting', 'stand', 'gimbal', 'slider', 'monitor', 'microphone', 'cable', 'cord', 'memory', 'sd', 'cf', 'shutter', 'body', 'grip']"
78,hose clamps box of 10,5,https://charlottesville.craigslist.org/pts/d/scottsville-hose-clamps-box-of-10/7871765403.html,"['lens', 'tripod', 'flash', 'filter', 'adapter', 'mount', 'battery', 'charger', 'case', 'bag', 'remote', 'light', 'lighting', 'stand', 'gimbal', 'slider', 'monitor', 'microphone', 'cable', 'cord', 'memory', 'sd', 'cf', 'shutter', 'body', 'grip']"
79,1957 chevrolet 210 4 door,9000,https://charlottesville.craigslist.org/pts/d/batesville-1957-chevrolet-door/7871589659.html,"['lens', 'tripod', 'flash', 'filter', 'adapter', 'mount', 'battery', 'charger', 'case', 'bag', 'remote', 'light', 'lighting', 'stand', 'gimbal', 'slider', 'monitor', 'microphone', 'cable', 'cord', 'memory', 'sd', 'cf', 'shutter', 'body', 'grip']"
80,have several mustangs and many more parts than pictured,123,https://charlottesville.craigslist.org/pts/d/louisa-have-several-mustangs-and-many/7883222065.html,"['lens', 'tripod', 'flash', 'filter', 'adapter', 'mount', 'battery', 'charger', 'case', 'bag', 'remote', 'light', 'lighting', 'stand', 'gimbal', 'slider', 'monitor', 'microphone', 'cable', 'cord', 'memory', 'sd', 'cf', 'shutter', 'body', 'grip']"
81,1956-1974 corvette exhaust pipe flanges 2-inch 3734402 nos,25,https://charlottesville.craigslist.org/pts/d/pratts-corvette-exhaust-pipe-flanges/7883188508.html,"['lens', 'tripod', 'flash', 'filter', 'adapter', 'mount', 'battery', 'charger', 'case', 'bag', 'remote', 'light', 'lighting', 'stand', 'gimbal', 'slider', 'monitor', 'microphone', 'cable', 'cord', 'memory', 'sd', 'cf', 'shutter', 'body', 'grip']"
82,tires,0,https://charlottesville.craigslist.org/pts/d/charlottesville-tires/7883142021.html,"['lens', 'tripod', 'flash', 'filter', 'adapter', 'mount', 'battery', 'charger', 'case', 'bag', 'remote', 'light', 'lighting', 'stand', 'gimbal', 'slider', 'monitor', 'microphone', 'cable', 'cord', 'memory', 'sd', 'cf', 'shutter', 'body', 'grip']"
83,tesla model 3 roof rack,40,https://charlottesville.craigslist.org/pts/d/ruckersville-tesla-model-roof-rack/7883102112.html,"['lens', 'tripod', 'flash', 'filter', 'adapter', 'mount', 'battery', 'charger', 'case', 'bag', 'remote', 'light', 'lighting', 'stand', 'gimbal', 'slider', 'monitor', 'microphone', 'cable', 'cord', 'memory', 'sd', 'cf', 'shutter', 'body', 'grip']"
84,ford e40d transmission,1200,https://charlottesville.craigslist.org/pts/d/somerset-ford-e40d-transmission/7876654505.html,"['lens', 'tripod', 'flash', 'filter', 'adapter', 'mount', 'battery', 'charger', 'case', 'bag', 'remote', 'light', 'lighting', 'stand', 'gimbal', 'slider', 'monitor', 'microphone', 'cable', 'cord', 'memory', 'sd', 'cf', 'shutter', 'body', 'grip']"
85,spidertrax wheels spacers 4runner,100,https://charlottesville.craigslist.org/pts/d/scottsville-spidertrax-wheels-spacers/7881385107.html,"['lens', 'tripod', 'flash', 'filter', 'adapter', 'mount', 'battery', 'charger', 'case', 'bag', 'remote', 'light', 'lighting', 'stand', 'gimbal', 'slider', 'monitor', 'microphone', 'cable', 'cord', 'memory', 'sd', 'cf', 'shutter', 'body', 'grip']"
86,spidertrax wheel spacers for sequoia or tundra,100,https://charlottesville.craigslist.org/pts/d/scottsville-spidertrax-wheel-spacers/7881385029.html,"['lens', 'tripod', 'flash', 'filter', 'adapter', 'mount', 'battery', 'charger', 'case', 'bag', 'remote', 'light', 'lighting', 'stand', 'gimbal', 'slider', 'monitor', 'microphone', 'cable', 'cord', 'memory', 'sd', 'cf', 'shutter', 'body', 'grip']"
87,2011 silverado,8000,https://charlottesville.craigslist.org/pts/d/scottsville-2011-silverado/7882552683.html,"['lens', 'tripod', 'flash', 'filter', 'adapter', 'mount', 'battery', 'charger', 'case', 'bag', 'remote', 'light', 'lighting', 'stand', 'gimbal', 'slider', 'monitor', 'microphone', 'cable', 'cord', 'memory', 'sd', 'cf', 'shutter', 'body', 'grip']"
88,1963 chevrolet 283ci engine,2000,https://charlottesville.craigslist.org/pts/d/pratts-1963-chevrolet-283ci-engine/7883020759.html,"['lens', 'tripod', 'flash', 'filter', 'adapter', 'mount', 'battery', 'charger', 'case', 'bag', 'remote', 'light', 'lighting', 'stand', 'gimbal', 'slider', 'monitor', 'microphone', 'cable', 'cord', 'memory', 'sd', 'cf', 'shutter', 'body', 'grip']"
89,new pirelli scorpion atx,800,https://charlottesville.craigslist.org/pts/d/charlottesville-new-pirelli-scorpion-atx/7882643766.html,"['lens', 'tripod', 'flash', 'filter', 'adapter', 'mount', 'battery', 'charger', 'case', 'bag', 'remote', 'light', 'lighting', 'stand', 'gimbal', 'slider', 'monitor', 'microphone', 'cable', 'cord', 'memory', 'sd', 'cf', 'shutter', 'body', 'grip']"
90,bmw aluminum car rims,150,https://charlottesville.craigslist.org/pts/d/montpelier-station-bmw-aluminum-car-rims/7855270156.html,"['lens', 'tripod', 'flash', 'filter', 'adapter', 'mount', 'battery', 'charger', 'case', 'bag', 'remote', 'light', 'lighting', 'stand', 'gimbal', 'slider', 'monitor', 'microphone', 'cable', 'cord', 'memory', 'sd', 'cf', 'shutter', 'body', 'grip']"
91,"""masda"" truck rack and penion steering unit",105,https://charlottesville.craigslist.org/pts/d/montpelier-station-masda-truck-rack-and/7855271939.html,"['lens', 'tripod', 'flash', 'filter', 'adapter', 'mount', 'battery', 'charger', 'case', 'bag', 'remote', 'light', 'lighting', 'stand', 'gimbal', 'slider', 'monitor', 'microphone', 'cable', 'cord', 'memory', 'sd', 'cf', 'shutter', 'body', 'grip']"
92,rv black water tank,65,https://charlottesville.craigslist.org/pts/d/somerset-rv-black-water-tank/7871390189.html,"['lens', 'tripod', 'flash', 'filter', 'adapter', 'mount', 'battery', 'charger', 'case', 'bag', 'remote', 'light', 'lighting', 'stand', 'gimbal', 'slider', 'monitor', 'microphone', 'cable', 'cord', 'memory', 'sd', 'cf', 'shutter', 'body', 'grip']"
93,lencodrive race transmission,8499,https://charlottesville.craigslist.org/pts/d/lynchburg-lencodrive-race-transmission/7870740059.html,"['lens', 'tripod', 'flash', 'filter', 'adapter', 'mount', 'battery', 'charger', 'case', 'bag', 'remote', 'light', 'lighting', 'stand', 'gimbal', 'slider', 'monitor', 'microphone', 'cable', 'cord', 'memory', 'sd', 'cf', 'shutter', 'body', 'grip']"
94,mark v timing cover and mark v oil pan,1,https://charlottesville.craigslist.org/pts/d/charlottesville-mark-timing-cover-and/7872027062.html,"['lens', 'tripod', 'flash', 'filter', 'adapter', 'mount', 'battery', 'charger', 'case', 'bag', 'remote', 'light', 'lighting', 'stand', 'gimbal', 'slider', 'monitor', 'microphone', 'cable', 'cord', 'memory', 'sd', 'cf', 'shutter', 'body', 'grip']"
95,1 set of 9004/9007/hb5 led 160 watts 6000k headlight bulbs,15,https://charlottesville.craigslist.org/pts/d/earlysville-set-of-hb5-led-160-watts/7882573344.html,"['lens', 'tripod', 'flash', 'filter', 'adapter', 'mount', 'battery', 'charger', 'case', 'bag', 'remote', 'light', 'lighting', 'stand', 'gimbal', 'slider', 'monitor', 'microphone', 'cable', 'cord', 'memory', 'sd', 'cf', 'shutter', 'body', 'grip']"
96,3rd gen 4runner 5-speed manual transfer case,300,https://charlottesville.craigslist.org/pts/d/charlottesville-3rd-gen-4runner-speed/7882508601.html,"['lens', 'tripod', 'flash', 'filter', 'adapter', 'mount', 'battery', 'charger', 'case', 'bag', 'remote', 'light', 'lighting', 'stand', 'gimbal', 'slider', 'monitor', 'microphone', 'cable', 'cord', 'memory', 'sd', 'cf', 'shutter', 'body', 'grip']"
97,honda emblem,25,https://charlottesville.craigslist.org/pts/d/pratts-honda-emblem/7882385754.html,"['lens', 'tripod', 'flash', 'filter', 'adapter', 'mount', 'battery', 'charger', 'case', 'bag', 'remote', 'light', 'lighting', 'stand', 'gimbal', 'slider', 'monitor', 'microphone', 'cable', 'cord', 'memory', 'sd', 'cf', 'shutter', 'body', 'grip']"
98,new 1 3/4 64 to 72 headman pontiac headers,125,https://charlottesville.craigslist.org/pts/d/barboursville-new-to-72-headman-pontiac/7852017825.html,"['lens', 'tripod', 'flash', 'filter', 'adapter', 'mount', 'battery', 'charger', 'case', 'bag', 'remote', 'light', 'lighting', 'stand', 'gimbal', 'slider', 'monitor', 'microphone', 'cable', 'cord', 'memory', 'sd', 'cf', 'shutter', 'body', 'grip']"
99,brake light switch standard sls-355,10,https://charlottesville.craigslist.org/pts/d/henrico-brake-light-switch-standard-sls/7882256981.html,"['lens', 'tripod', 'flash', 'filter', 'adapter', 'mount', 'battery', 'charger', 'case', 'bag', 'remote', 'light', 'lighting', 'stand', 'gimbal', 'slider', 'monitor', 'microphone', 'cable', 'cord', 'memory', 'sd', 'cf', 'shutter', 'body', 'grip']"
100,new 3pcs bha4-37-140 tire pressure sensors tpms for mazda 2 3 5 6 cx7,25,https://charlottesville.craigslist.org/pts/d/henrico-new-3pcs-bha-tire-pressure/7882256806.html,"['lens', 'tripod', 'flash', 'filter', 'adapter', 'mount', 'battery', 'charger', 'case', 'bag', 'remote', 'light', 'lighting', 'stand', 'gimbal', 'slider', 'monitor', 'microphone', 'cable', 'cord', 'memory', 'sd', 'cf', 'shutter', 'body', 'grip']"
101,rv two step electric stairs,50,https://charlottesville.craigslist.org/pts/d/somerset-rv-two-step-electric-stairs/7882180280.html,"['lens', 'tripod', 'flash', 'filter', 'adapter', 'mount', 'battery', 'charger', 'case', 'bag', 'remote', 'light', 'lighting', 'stand', 'gimbal', 'slider', 'monitor', 'microphone', 'cable', 'cord', 'memory', 'sd', 'cf', 'shutter', 'body', 'grip']"
102,needs transmission 2010 f150 4x4 super cab,4500,https://charlottesville.craigslist.org/pts/d/afton-needs-transmission-2010-f150-4x4/7880629848.html,"['lens', 'tripod', 'flash', 'filter', 'adapter', 'mount', 'battery', 'charger', 'case', 'bag', 'remote', 'light', 'lighting', 'stand', 'gimbal', 'slider', 'monitor', 'microphone', 'cable', 'cord', 'memory', 'sd', 'cf', 'shutter', 'body', 'grip']"
103,2012 jeep wrangler stock air box,100,https://charlottesville.craigslist.org/pts/d/afton-2012-jeep-wrangler-stock-air-box/7857781818.html,"['lens', 'tripod', 'flash', 'filter', 'adapter', 'mount', 'battery', 'charger', 'case', 'bag', 'remote', 'light', 'lighting', 'stand', 'gimbal', 'slider', 'monitor', 'microphone', 'cable', 'cord', 'memory', 'sd', 'cf', 'shutter', 'body', 'grip']"
104,rear jeep bumper,50,https://charlottesville.craigslist.org/pts/d/afton-rear-jeep-bumper/7857772226.html,"['lens', 'tripod', 'flash', 'filter', 'adapter', 'mount', 'battery', 'charger', 'case', 'bag', 'remote', 'light', 'lighting', 'stand', 'gimbal', 'slider', 'monitor', 'microphone', 'cable', 'cord', 'memory', 'sd', 'cf', 'shutter', 'body', 'grip']"
105,rough country front lift blocks,10,https://charlottesville.craigslist.org/pts/d/afton-rough-country-front-lift-blocks/7857755022.html,"['lens', 'tripod', 'flash', 'filter', 'adapter', 'mount', 'battery', 'charger', 'case', 'bag', 'remote', 'light', 'lighting', 'stand', 'gimbal', 'slider', 'monitor', 'microphone', 'cable', 'cord', 'memory', 'sd', 'cf', 'shutter', 'body', 'grip']"
106,used head an tail lights off 2010 f150,50,https://charlottesville.craigslist.org/pts/d/afton-used-head-an-tail-lights-off-2010/7857754247.html,"['lens', 'tripod', 'flash', 'filter', 'adapter', 'mount', 'battery', 'charger', 'case', 'bag', 'remote', 'light', 'lighting', 'stand', 'gimbal', 'slider', 'monitor', 'microphone', 'cable', 'cord', 'memory', 'sd', 'cf', 'shutter', 'body', 'grip']"
107,rough country front jeep fenders,125,https://charlottesville.craigslist.org/pts/d/afton-rough-country-front-jeep-fenders/7857764134.html,"['lens', 'tripod', 'flash', 'filter', 'adapter', 'mount', 'battery', 'charger', 'case', 'bag', 'remote', 'light', 'lighting', 'stand', 'gimbal', 'slider', 'monitor', 'microphone', 'cable', 'cord', 'memory', 'sd', 'cf', 'shutter', 'body', 'grip']"
108,duluth trading convertible seat saver,35,https://charlottesville.craigslist.org/pts/d/madison-duluth-trading-convertible-seat/7881853394.html,"['lens', 'tripod', 'flash', 'filter', 'adapter', 'mount', 'battery', 'charger', 'case', 'bag', 'remote', 'light', 'lighting', 'stand', 'gimbal', 'slider', 'monitor', 'microphone', 'cable', 'cord', 'memory', 'sd', 'cf', 'shutter', 'body', 'grip']"
109,oem 2001-2007 mercedes benz steering wheel,80,https://charlottesville.craigslist.org/pts/d/charlottesville-oem-mercedes-benz/7841262620.html,"['lens', 'tripod', 'flash', 'filter', 'adapter', 'mount', 'battery', 'charger', 'case', 'bag', 'remote', 'light', 'lighting', 'stand', 'gimbal', 'slider', 'monitor', 'microphone', 'cable', 'cord', 'memory', 'sd', 'cf', 'shutter', 'body', 'grip']"
110,new nissan parts,1100,https://charlottesville.craigslist.org/pts/d/palmyra-new-nissan-parts/7875964811.html,"['lens', 'tripod', 'flash', 'filter', 'adapter', 'mount', 'battery', 'charger', 'case', 'bag', 'remote', 'light', 'lighting', 'stand', 'gimbal', 'slider', 'monitor', 'microphone', 'cable', 'cord', 'memory', 'sd', 'cf', 'shutter', 'body', 'grip']"
111,2011 hd 1200c,1,https://charlottesville.craigslist.org/pts/d/louisa-2011-hd-1200c/7875766916.html,"['lens', 'tripod', 'flash', 'filter', 'adapter', 'mount', 'battery', 'charger', 'case', 'bag', 'remote', 'light', 'lighting', 'stand', 'gimbal', 'slider', 'monitor', 'microphone', 'cable', 'cord', 'memory', 'sd', 'cf', 'shutter', 'body', 'grip']"
112,front bumper ford truck,75,https://charlottesville.craigslist.org/pts/d/troy-front-bumper-ford-truck/7870438584.html,"['lens', 'tripod', 'flash', 'filter', 'adapter', 'mount', 'battery', 'charger', 'case', 'bag', 'remote', 'light', 'lighting', 'stand', 'gimbal', 'slider', 'monitor', 'microphone', 'cable', 'cord', 'memory', 'sd', 'cf', 'shutter', 'body', 'grip']"
113,s10 tailgate,100,https://charlottesville.craigslist.org/pts/d/troy-s10-tailgate/7870439017.html,"['lens', 'tripod', 'flash', 'filter', 'adapter', 'mount', 'battery', 'charger', 'case', 'bag', 'remote', 'light', 'lighting', 'stand', 'gimbal', 'slider', 'monitor', 'microphone', 'cable', 'cord', 'memory', 'sd', 'cf', 'shutter', 'body', 'grip']"
114,dana 60 spool with shorten axles,250,https://charlottesville.craigslist.org/pts/d/troy-dana-60-spool-with-shorten-axles/7870439427.html,"['lens', 'tripod', 'flash', 'filter', 'adapter', 'mount', 'battery', 'charger', 'case', 'bag', 'remote', 'light', 'lighting', 'stand', 'gimbal', 'slider', 'monitor', 'microphone', 'cable', 'cord', 'memory', 'sd', 'cf', 'shutter', 'body', 'grip']"
115,1967 chevy nova front clip,250,https://charlottesville.craigslist.org/pts/d/troy-1967-chevy-nova-front-clip/7870440033.html,"['lens', 'tripod', 'flash', 'filter', 'adapter', 'mount', 'battery', 'charger', 'case', 'bag', 'remote', 'light', 'lighting', 'stand', 'gimbal', 'slider', 'monitor', 'microphone', 'cable', 'cord', 'memory', 'sd', 'cf', 'shutter', 'body', 'grip']"
116,chevy nova ten bolt rear end,800,https://charlottesville.craigslist.org/pts/d/troy-chevy-nova-ten-bolt-rear-end/7870440493.html,"['lens', 'tripod', 'flash', 'filter', 'adapter', 'mount', 'battery', 'charger', 'case', 'bag', 'remote', 'light', 'lighting', 'stand', 'gimbal', 'slider', 'monitor', 'microphone', 'cable', 'cord', 'memory', 'sd', 'cf', 'shutter', 'body', 'grip']"
117,1967-69 hood for camaro,50,https://charlottesville.craigslist.org/pts/d/troy-hood-for-camaro/7870440915.html,"['lens', 'tripod', 'flash', 'filter', 'adapter', 'mount', 'battery', 'charger', 'case', 'bag', 'remote', 'light', 'lighting', 'stand', 'gimbal', 'slider', 'monitor', 'microphone', 'cable', 'cord', 'memory', 'sd', 'cf', 'shutter', 'body', 'grip']"
118,1985 chevrolet transmission,100,https://charlottesville.craigslist.org/pts/d/troy-1985-chevrolet-transmission/7870441326.html,"['lens', 'tripod', 'flash', 'filter', 'adapter', 'mount', 'battery', 'charger', 'case', 'bag', 'remote', 'light', 'lighting', 'stand', 'gimbal', 'slider', 'monitor', 'microphone', 'cable', 'cord', 'memory', 'sd', 'cf', 'shutter', 'body', 'grip']"
119,bench seat,350,https://charlottesville.craigslist.org/pts/d/troy-bench-seat/7870442259.html,"['lens', 'tripod', 'flash', 'filter', 'adapter', 'mount', 'battery', 'charger', 'case', 'bag', 'remote', 'light', 'lighting', 'stand', 'gimbal', 'slider', 'monitor', 'microphone', 'cable', 'cord', 'memory', 'sd', 'cf', 'shutter', 'body', 'grip']"
120,aluminum tool box,250,https://charlottesville.craigslist.org/pts/d/troy-aluminum-tool-box/7870442571.html,"['lens', 'tripod', 'flash', 'filter', 'adapter', 'mount', 'battery', 'charger', 'case', 'bag', 'remote', 'light', 'lighting', 'stand', 'gimbal', 'slider', 'monitor', 'microphone', 'cable', 'cord', 'memory', 'sd', 'cf', 'shutter', 'body', 'grip']"
121,gas tank for 48-55 chevy pickup,100,https://charlottesville.craigslist.org/pts/d/troy-gas-tank-for-chevy-pickup/7870442988.html,"['lens', 'tripod', 'flash', 'filter', 'adapter', 'mount', 'battery', 'charger', 'case', 'bag', 'remote', 'light', 'lighting', 'stand', 'gimbal', 'slider', 'monitor', 'microphone', 'cable', 'cord', 'memory', 'sd', 'cf', 'shutter', 'body', 'grip']"
122,76 jeep cj5 hood,50,https://charlottesville.craigslist.org/pts/d/troy-76-jeep-cj5-hood/7870443248.html,"['lens', 'tripod', 'flash', 'filter', 'adapter', 'mount', 'battery', 'charger', 'case', 'bag', 'remote', 'light', 'lighting', 'stand', 'gimbal', 'slider', 'monitor', 'microphone', 'cable', 'cord', 'memory', 'sd', 'cf', 'shutter', 'body', 'grip']"
123,new ford f150 tow mirror replacement bulbs driver and passenger,70,https://charlottesville.craigslist.org/pts/d/charlottesville-new-ford-f150-tow/7877718274.html,"['lens', 'tripod', 'flash', 'filter', 'adapter', 'mount', 'battery', 'charger', 'case', 'bag', 'remote', 'light', 'lighting', 'stand', 'gimbal', 'slider', 'monitor', 'microphone', 'cable', 'cord', 'memory', 'sd', 'cf', 'shutter', 'body', 'grip']"
124,chevrolet camaro ss,18500,https://charlottesville.craigslist.org/pts/d/arrington-chevrolet-camaro-ss/7881447661.html,"['lens', 'tripod', 'flash', 'filter', 'adapter', 'mount', 'battery', 'charger', 'case', 'bag', 'remote', 'light', 'lighting', 'stand', 'gimbal', 'slider', 'monitor', 'microphone', 'cable', 'cord', 'memory', 'sd', 'cf', 'shutter', 'body', 'grip']"
125,reese fifth wheel hitch,275,https://charlottesville.craigslist.org/pts/d/quinque-reese-fifth-wheel-hitch/7870216653.html,"['lens', 'tripod', 'flash', 'filter', 'adapter', 'mount', 'battery', 'charger', 'case', 'bag', 'remote', 'light', 'lighting', 'stand', 'gimbal', 'slider', 'monitor', 'microphone', 'cable', 'cord', 'memory', 'sd', 'cf', 'shutter', 'body', 'grip']"
126,1977 jeep trucks,2100,https://charlottesville.craigslist.org/pts/d/quinque-1977-jeep-trucks/7870216952.html,"['lens', 'tripod', 'flash', 'filter', 'adapter', 'mount', 'battery', 'charger', 'case', 'bag', 'remote', 'light', 'lighting', 'stand', 'gimbal', 'slider', 'monitor', 'microphone', 'cable', 'cord', 'memory', 'sd', 'cf', 'shutter', 'body', 'grip']"
127,"2"" inch triangular tow trailer coupler and ball",20,https://charlottesville.craigslist.org/pts/d/scottsville-inch-triangular-tow-trailer/7859205728.html,"['lens', 'tripod', 'flash', 'filter', 'adapter', 'mount', 'battery', 'charger', 'case', 'bag', 'remote', 'light', 'lighting', 'stand', 'gimbal', 'slider', 'monitor', 'microphone', 'cable', 'cord', 'memory', 'sd', 'cf', 'shutter', 'body', 'grip']"
128,"jeep rear 5 leaf spring, 1976-91 grand wagoneer sj & j-series truck",50,https://charlottesville.craigslist.org/pts/d/jeep-rear-leaf-spring-grand-wagoneer-sj/7881210337.html,"['lens', 'tripod', 'flash', 'filter', 'adapter', 'mount', 'battery', 'charger', 'case', 'bag', 'remote', 'light', 'lighting', 'stand', 'gimbal', 'slider', 'monitor', 'microphone', 'cable', 'cord', 'memory', 'sd', 'cf', 'shutter', 'body', 'grip']"
129,2011-2019 ford explorer heavy duty rear brake kit,50,https://charlottesville.craigslist.org/pts/d/orange-ford-explorer-heavy-duty-rear/7843852885.html,"['lens', 'tripod', 'flash', 'filter', 'adapter', 'mount', 'battery', 'charger', 'case', 'bag', 'remote', 'light', 'lighting', 'stand', 'gimbal', 'slider', 'monitor', 'microphone', 'cable', 'cord', 'memory', 'sd', 'cf', 'shutter', 'body', 'grip']"
130,2017 tundra platinum halogen headlight pair,100,https://charlottesville.craigslist.org/pts/d/crozet-2017-tundra-platinum-halogen/7873877100.html,"['lens', 'tripod', 'flash', 'filter', 'adapter', 'mount', 'battery', 'charger', 'case', 'bag', 'remote', 'light', 'lighting', 'stand', 'gimbal', 'slider', 'monitor', 'microphone', 'cable', 'cord', 'memory', 'sd', 'cf', 'shutter', 'body', 'grip']"
131,carburetor holley 650 cfm double pumper,350,https://charlottesville.craigslist.org/pts/d/nellysford-carburetor-holley-650-cfm/7869607147.html,"['lens', 'tripod', 'flash', 'filter', 'adapter', 'mount', 'battery', 'charger', 'case', 'bag', 'remote', 'light', 'lighting', 'stand', 'gimbal', 'slider', 'monitor', 'microphone', 'cable', 'cord', 'memory', 'sd', 'cf', 'shutter', 'body', 'grip']"
132,weather tech floor mats,80,https://charlottesville.craigslist.org/pts/d/charlottesville-weather-tech-floor-mats/7869084784.html,"['lens', 'tripod', 'flash', 'filter', 'adapter', 'mount', 'battery', 'charger', 'case', 'bag', 'remote', 'light', 'lighting', 'stand', 'gimbal', 'slider', 'monitor', 'microphone', 'cable', 'cord', 'memory', 'sd', 'cf', 'shutter', 'body', 'grip']"
133,chevy c-10 1967 -72 hood,100,https://charlottesville.craigslist.org/pts/d/pratts-chevy-hood/7879910535.html,"['lens', 'tripod', 'flash', 'filter', 'adapter', 'mount', 'battery', 'charger', 'case', 'bag', 'remote', 'light', 'lighting', 'stand', 'gimbal', 'slider', 'monitor', 'microphone', 'cable', 'cord', 'memory', 'sd', 'cf', 'shutter', 'body', 'grip']"
134,"""volvo"" ac condenser",35,https://charlottesville.craigslist.org/pts/d/somerset-volvo-ac-condenser/7879254937.html,"['lens', 'tripod', 'flash', 'filter', 'adapter', 'mount', 'battery', 'charger', 'case', 'bag', 'remote', 'light', 'lighting', 'stand', 'gimbal', 'slider', 'monitor', 'microphone', 'cable', 'cord', 'memory', 'sd', 'cf', 'shutter', 'body', 'grip']"
135,old vw bug body parts,2500,https://charlottesville.craigslist.org/pts/d/buckingham-old-vw-bug-body-parts/7879230139.html,"['lens', 'tripod', 'flash', 'filter', 'adapter', 'mount', 'battery', 'charger', 'case', 'bag', 'remote', 'light', 'lighting', 'stand', 'gimbal', 'slider', 'monitor', 'microphone', 'cable', 'cord', 'memory', 'sd', 'cf', 'shutter', 'body', 'grip']"
136,maserati muffler,1599,https://charlottesville.craigslist.org/pts/d/stanardsville-maserati-muffler/7860568185.html,"['lens', 'tripod', 'flash', 'filter', 'adapter', 'mount', 'battery', 'charger', 'case', 'bag', 'remote', 'light', 'lighting', 'stand', 'gimbal', 'slider', 'monitor', 'microphone', 'cable', 'cord', 'memory', 'sd', 'cf', 'shutter', 'body', 'grip']"
137,jeep compass rear storage compartment  covers each,10,https://charlottesville.craigslist.org/pts/d/palmyra-jeep-compass-rear-storage/7879038838.html,"['lens', 'tripod', 'flash', 'filter', 'adapter', 'mount', 'battery', 'charger', 'case', 'bag', 'remote', 'light', 'lighting', 'stand', 'gimbal', 'slider', 'monitor', 'microphone', 'cable', 'cord', 'memory', 'sd', 'cf', 'shutter', 'body', 'grip']"
138,***lifted monster s10 blazer project***,0,https://charlottesville.craigslist.org/pts/d/crozet-lifted-monster-s10-blazer-project/7869898652.html,"['lens', 'tripod', 'flash', 'filter', 'adapter', 'mount', 'battery', 'charger', 'case', 'bag', 'remote', 'light', 'lighting', 'stand', 'gimbal', 'slider', 'monitor', 'microphone', 'cable', 'cord', 'memory', 'sd', 'cf', 'shutter', 'body', 'grip']"
139,2003 toyota corolla,500,https://charlottesville.craigslist.org/pts/d/afton-2003-toyota-corolla/7878560858.html,"['lens', 'tripod', 'flash', 'filter', 'adapter', 'mount', 'battery', 'charger', 'case', 'bag', 'remote', 'light', 'lighting', 'stand', 'gimbal', 'slider', 'monitor', 'microphone', 'cable', 'cord', 'memory', 'sd', 'cf', 'shutter', 'body', 'grip']"
140,pioneer car stereo head unit,50,https://charlottesville.craigslist.org/pts/d/charlottesville-pioneer-car-stereo-head/7878179203.html,"['lens', 'tripod', 'flash', 'filter', 'adapter', 'mount', 'battery', 'charger', 'case', 'bag', 'remote', 'light', 'lighting', 'stand', 'gimbal', 'slider', 'monitor', 'microphone', 'cable', 'cord', 'memory', 'sd', 'cf', 'shutter', 'body', 'grip']"
141,front plastic floor mats for a 2015 honda fit,40,https://charlottesville.craigslist.org/pts/d/waynesboro-front-plastic-floor-mats-for/7878163388.html,"['lens', 'tripod', 'flash', 'filter', 'adapter', 'mount', 'battery', 'charger', 'case', 'bag', 'remote', 'light', 'lighting', 'stand', 'gimbal', 'slider', 'monitor', 'microphone', 'cable', 'cord', 'memory', 'sd', 'cf', 'shutter', 'body', 'grip']"
142,s 10 aluminum wheels,225,https://charlottesville.craigslist.org/pts/d/waynesboro-10-aluminum-wheels/7878163297.html,"['lens', 'tripod', 'flash', 'filter', 'adapter', 'mount', 'battery', 'charger', 'case', 'bag', 'remote', 'light', 'lighting', 'stand', 'gimbal', 'slider', 'monitor', 'microphone', 'cable', 'cord', 'memory', 'sd', 'cf', 'shutter', 'body', 'grip']"
143,"spare tire nut lock, master lock",5,https://charlottesville.craigslist.org/pts/d/pratts-spare-tire-nut-lock-master-lock/7878093676.html,"['lens', 'tripod', 'flash', 'filter', 'adapter', 'mount', 'battery', 'charger', 'case', 'bag', 'remote', 'light', 'lighting', 'stand', 'gimbal', 'slider', 'monitor', 'microphone', 'cable', 'cord', 'memory', 'sd', 'cf', 'shutter', 'body', 'grip']"
144,truck bed cover,400,https://charlottesville.craigslist.org/pts/d/charlottesville-truck-bed-cover/7876460545.html,"['lens', 'tripod', 'flash', 'filter', 'adapter', 'mount', 'battery', 'charger', 'case', 'bag', 'remote', 'light', 'lighting', 'stand', 'gimbal', 'slider', 'monitor', 'microphone', 'cable', 'cord', 'memory', 'sd', 'cf', 'shutter', 'body', 'grip']"
145,oem mazda cx-9 floor mats,40,https://charlottesville.craigslist.org/pts/d/batesville-oem-mazda-cx-floor-mats/7877738934.html,"['lens', 'tripod', 'flash', 'filter', 'adapter', 'mount', 'battery', 'charger', 'case', 'bag', 'remote', 'light', 'lighting', 'stand', 'gimbal', 'slider', 'monitor', 'microphone', 'cable', 'cord', 'memory', 'sd', 'cf', 'shutter', 'body', 'grip']"
146,intake with carb and fuel pump,1000,https://charlottesville.craigslist.org/pts/d/louisa-intake-with-carb-and-fuel-pump/7877705048.html,"['lens', 'tripod', 'flash', 'filter', 'adapter', 'mount', 'battery', 'charger', 'case', 'bag', 'remote', 'light', 'lighting', 'stand', 'gimbal', 'slider', 'monitor', 'microphone', 'cable', 'cord', 'memory', 'sd', 'cf', 'shutter', 'body', 'grip']"
147,vintage volvo p1800 & 100 series armrests,40,https://charlottesville.craigslist.org/pts/d/waynesboro-vintage-volvo-series-armrests/7877624673.html,"['lens', 'tripod', 'flash', 'filter', 'adapter', 'mount', 'battery', 'charger', 'case', 'bag', 'remote', 'light', 'lighting', 'stand', 'gimbal', 'slider', 'monitor', 'microphone', 'cable', 'cord', 'memory', 'sd', 'cf', 'shutter', 'body', 'grip']"
148,mercedes e-class tail lamp assembly,40,https://charlottesville.craigslist.org/pts/d/waynesboro-mercedes-class-tail-lamp/7877624539.html,"['lens', 'tripod', 'flash', 'filter', 'adapter', 'mount', 'battery', 'charger', 'case', 'bag', 'remote', 'light', 'lighting', 'stand', 'gimbal', 'slider', 'monitor', 'microphone', 'cable', 'cord', 'memory', 'sd', 'cf', 'shutter', 'body', 'grip']"
149,bmw m3 dtm original painting,275,https://charlottesville.craigslist.org/pts/d/waynesboro-bmw-m3-dtm-original-painting/7877624369.html,"['lens', 'tripod', 'flash', 'filter', 'adapter', 'mount', 'battery', 'charger', 'case', 'bag', 'remote', 'light', 'lighting', 'stand', 'gimbal', 'slider', 'monitor', 'microphone', 'cable', 'cord', 'memory', 'sd', 'cf', 'shutter', 'body', 'grip']"
150,1969 camaro original painting on canvas,302,https://charlottesville.craigslist.org/pts/d/waynesboro-1969-camaro-original/7877624162.html,"['lens', 'tripod', 'flash', 'filter', 'adapter', 'mount', 'battery', 'charger', 'case', 'bag', 'remote', 'light', 'lighting', 'stand', 'gimbal', 'slider', 'monitor', 'microphone', 'cable', 'cord', 'memory', 'sd', 'cf', 'shutter', 'body', 'grip']"
151,volvo 240 wagon tail lamp assemblies,45,https://charlottesville.craigslist.org/pts/d/waynesboro-volvo-240-wagon-tail-lamp/7877624087.html,"['lens', 'tripod', 'flash', 'filter', 'adapter', 'mount', 'battery', 'charger', 'case', 'bag', 'remote', 'light', 'lighting', 'stand', 'gimbal', 'slider', 'monitor', 'microphone', 'cable', 'cord', 'memory', 'sd', 'cf', 'shutter', 'body', 'grip']"
152,30a wireless surge guard portable surge protector,180,https://charlottesville.craigslist.org/pts/d/charlottesville-30a-wireless-surge/7876946451.html,"['lens', 'tripod', 'flash', 'filter', 'adapter', 'mount', 'battery', 'charger', 'case', 'bag', 'remote', 'light', 'lighting', 'stand', 'gimbal', 'slider', 'monitor', 'microphone', 'cable', 'cord', 'memory', 'sd', 'cf', 'shutter', 'body', 'grip']"
153,bed cover,125,https://charlottesville.craigslist.org/pts/d/stanardsville-bed-cover/7877184231.html,"['lens', 'tripod', 'flash', 'filter', 'adapter', 'mount', 'battery', 'charger', 'case', 'bag', 'remote', 'light', 'lighting', 'stand', 'gimbal', 'slider', 'monitor', 'microphone', 'cable', 'cord', 'memory', 'sd', 'cf', 'shutter', 'body', 'grip']"
154,royal purple hmx sae 5w-30 high-mileage synthetic motor oil 6 quarts,30,https://charlottesville.craigslist.org/pts/d/pratts-royal-purple-hmx-sae-5w-30-high/7876994849.html,"['lens', 'tripod', 'flash', 'filter', 'adapter', 'mount', 'battery', 'charger', 'case', 'bag', 'remote', 'light', 'lighting', 'stand', 'gimbal', 'slider', 'monitor', 'microphone', 'cable', 'cord', 'memory', 'sd', 'cf', 'shutter', 'body', 'grip']"
155,2015 hyundai santa fe sport - best offer. parts or project,1900,https://charlottesville.craigslist.org/pts/d/crozet-2015-hyundai-santa-fe-sport-best/7876514544.html,"['lens', 'tripod', 'flash', 'filter', 'adapter', 'mount', 'battery', 'charger', 'case', 'bag', 'remote', 'light', 'lighting', 'stand', 'gimbal', 'slider', 'monitor', 'microphone', 'cable', 'cord', 'memory', 'sd', 'cf', 'shutter', 'body', 'grip']"
156,ev charger-evdance level 1/2,89,https://charlottesville.craigslist.org/pts/d/troy-ev-charger-evdance-level-2/7876439248.html,"['lens', 'tripod', 'flash', 'filter', 'adapter', 'mount', 'battery', 'charger', 'case', 'bag', 'remote', 'light', 'lighting', 'stand', 'gimbal', 'slider', 'monitor', 'microphone', 'cable', 'cord', 'memory', 'sd', 'cf', 'shutter', 'body', 'grip']"
157,2016 kia sorento engine 3.3l v6,500,https://charlottesville.craigslist.org/pts/d/virginia-beach-2016-kia-sorento-engine/7876356024.html,"['lens', 'tripod', 'flash', 'filter', 'adapter', 'mount', 'battery', 'charger', 'case', 'bag', 'remote', 'light', 'lighting', 'stand', 'gimbal', 'slider', 'monitor', 'microphone', 'cable', 'cord', 'memory', 'sd', 'cf', 'shutter', 'body', 'grip']"
158,car cover - lexus es,35,https://charlottesville.craigslist.org/pts/d/charlottesville-car-cover-lexus-es/7876273751.html,"['lens', 'tripod', 'flash', 'filter', 'adapter', 'mount', 'battery', 'charger', 'case', 'bag', 'remote', 'light', 'lighting', 'stand', 'gimbal', 'slider', 'monitor', 'microphone', 'cable', 'cord', 'memory', 'sd', 'cf', 'shutter', 'body', 'grip']"
159,jeep xj rear axle,100,https://charlottesville.craigslist.org/pts/d/haywood-jeep-xj-rear-axle/7876211217.html,"['lens', 'tripod', 'flash', 'filter', 'adapter', 'mount', 'battery', 'charger', 'case', 'bag', 'remote', 'light', 'lighting', 'stand', 'gimbal', 'slider', 'monitor', 'microphone', 'cable', 'cord', 'memory', 'sd', 'cf', 'shutter', 'body', 'grip']"
160,ev 120v charger,30,https://charlottesville.craigslist.org/pts/d/north-garden-ev-120v-charger/7876012459.html,"['lens', 'tripod', 'flash', 'filter', 'adapter', 'mount', 'battery', 'charger', 'case', 'bag', 'remote', 'light', 'lighting', 'stand', 'gimbal', 'slider', 'monitor', 'microphone', 'cable', 'cord', 'memory', 'sd', 'cf', 'shutter', 'body', 'grip']"
161,chevy bolt complete spare tire set,140,https://charlottesville.craigslist.org/pts/d/north-garden-chevy-bolt-complete-spare/7876009466.html,"['lens', 'tripod', 'flash', 'filter', 'adapter', 'mount', 'battery', 'charger', 'case', 'bag', 'remote', 'light', 'lighting', 'stand', 'gimbal', 'slider', 'monitor', 'microphone', 'cable', 'cord', 'memory', 'sd', 'cf', 'shutter', 'body', 'grip']"
162,4 black gmc wheels good condition,350,https://charlottesville.craigslist.org/pts/d/waynesboro-black-gmc-wheels-good/7875844028.html,"['lens', 'tripod', 'flash', 'filter', 'adapter', 'mount', 'battery', 'charger', 'case', 'bag', 'remote', 'light', 'lighting', 'stand', 'gimbal', 'slider', 'monitor', 'microphone', 'cable', 'cord', 'memory', 'sd', 'cf', 'shutter', 'body', 'grip']"
163,led multi-mount lightbar,120,https://charlottesville.craigslist.org/pts/d/quinque-led-multi-mount-lightbar/7875505006.html,"['lens', 'tripod', 'flash', 'filter', 'adapter', 'mount', 'battery', 'charger', 'case', 'bag', 'remote', 'light', 'lighting', 'stand', 'gimbal', 'slider', 'monitor', 'microphone', 'cable', 'cord', 'memory', 'sd', 'cf', 'shutter', 'body', 'grip']"
164,mustang wheels (fr3c-1007-ja) + pirelli p zero nero tires (set of 4),1200,https://charlottesville.craigslist.org/pts/d/richmond-mustang-wheels-fr3c-1007-ja/7875332725.html,"['lens', 'tripod', 'flash', 'filter', 'adapter', 'mount', 'battery', 'charger', 'case', 'bag', 'remote', 'light', 'lighting', 'stand', 'gimbal', 'slider', 'monitor', 'microphone', 'cable', 'cord', 'memory', 'sd', 'cf', 'shutter', 'body', 'grip']"
165,5/16 copper tubing,50,https://charlottesville.craigslist.org/pts/d/quinque-16-copper-tubing/7875165610.html,"['lens', 'tripod', 'flash', 'filter', 'adapter', 'mount', 'battery', 'charger', 'case', 'bag', 'remote', 'light', 'lighting', 'stand', 'gimbal', 'slider', 'monitor', 'microphone', 'cable', 'cord', 'memory', 'sd', 'cf', 'shutter', 'body', 'grip']"
166,3/16 copper tubing,30,https://charlottesville.craigslist.org/pts/d/quinque-16-copper-tubing/7875165132.html,"['lens', 'tripod', 'flash', 'filter', 'adapter', 'mount', 'battery', 'charger', 'case', 'bag', 'remote', 'light', 'lighting', 'stand', 'gimbal', 'slider', 'monitor', 'microphone', 'cable', 'cord', 'memory', 'sd', 'cf', 'shutter', 'body', 'grip']"
167,bavsound bmw revenant amplifier (audiotec fischer match up 7bmw),700,https://charlottesville.craigslist.org/pts/d/charlottesville-bavsound-bmw-revenant/7874938843.html,"['lens', 'tripod', 'flash', 'filter', 'adapter', 'mount', 'battery', 'charger', 'case', 'bag', 'remote', 'light', 'lighting', 'stand', 'gimbal', 'slider', 'monitor', 'microphone', 'cable', 'cord', 'memory', 'sd', 'cf', 'shutter', 'body', 'grip']"
168,passenger seat for 2002 freightliner sprinter van,275,https://charlottesville.craigslist.org/pts/d/greenville-passenger-seat-for-2002/7874765410.html,"['lens', 'tripod', 'flash', 'filter', 'adapter', 'mount', 'battery', 'charger', 'case', 'bag', 'remote', 'light', 'lighting', 'stand', 'gimbal', 'slider', 'monitor', 'microphone', 'cable', 'cord', 'memory', 'sd', 'cf', 'shutter', 'body', 'grip']"
169,six lug 16 x 8 aluminum wheels,250,https://charlottesville.craigslist.org/pts/d/waynesboro-six-lug-16-8-aluminum-wheels/7874741653.html,"['lens', 'tripod', 'flash', 'filter', 'adapter', 'mount', 'battery', 'charger', 'case', 'bag', 'remote', 'light', 'lighting', 'stand', 'gimbal', 'slider', 'monitor', 'microphone', 'cable', 'cord', 'memory', 'sd', 'cf', 'shutter', 'body', 'grip']"
170,left brake caliber for 1999 grand marquis,40,https://charlottesville.craigslist.org/pts/d/montpelier-station-left-brake-caliber/7874698311.html,"['lens', 'tripod', 'flash', 'filter', 'adapter', 'mount', 'battery', 'charger', 'case', 'bag', 'remote', 'light', 'lighting', 'stand', 'gimbal', 'slider', 'monitor', 'microphone', 'cable', 'cord', 'memory', 'sd', 'cf', 'shutter', 'body', 'grip']"
171,complete,1,https://charlottesville.craigslist.org/pts/d/keswick-complete/7874648627.html,"['lens', 'tripod', 'flash', 'filter', 'adapter', 'mount', 'battery', 'charger', 'case', 'bag', 'remote', 'light', 'lighting', 'stand', 'gimbal', 'slider', 'monitor', 'microphone', 'cable', 'cord', 'memory', 'sd', 'cf', 'shutter', 'body', 'grip']"
172,cloth floor mats - 2018 subaru forester (black/gray),20,https://charlottesville.craigslist.org/pts/d/crozet-cloth-floor-mats-subaru-forester/7874243342.html,"['lens', 'tripod', 'flash', 'filter', 'adapter', 'mount', 'battery', 'charger', 'case', 'bag', 'remote', 'light', 'lighting', 'stand', 'gimbal', 'slider', 'monitor', 'microphone', 'cable', 'cord', 'memory', 'sd', 'cf', 'shutter', 'body', 'grip']"
173,cloth floor mats - 2019 subaru forester,20,https://charlottesville.craigslist.org/pts/d/crozet-cloth-floor-mats-subaru-forester/7874241446.html,"['lens', 'tripod', 'flash', 'filter', 'adapter', 'mount', 'battery', 'charger', 'case', 'bag', 'remote', 'light', 'lighting', 'stand', 'gimbal', 'slider', 'monitor', 'microphone', 'cable', 'cord', 'memory', 'sd', 'cf', 'shutter', 'body', 'grip']"
